{
  "Actor": {
    "types": [
      "character",
      "party"
    ],
    "templates": {
      "biodata": {
        "biodata": {
          "class": "",
          "age": 0,
          "size": "medium",
          "weight": "",
          "height": "",
          "hair": "",
          "sex": "",
          "eyes": "",
          "background": "",
          "religion": "",
          "description": "",
          "notes": "",
          "gmnotes": ""
        }
      },
      "core": {
        "subactors": [],
        "statistics": {
          "str": {
            "label": "WH.ui.Strength",
            "abbrev": "str",
            "style": "edit",
            "hassave": true,
            "roll": true,
            "save": 0,
            "value": 0
          },
          "dex": {
            "label": "WH.ui.Dexterity",
            "abbrev": "dex",
            "style": "edit",
            "hassave": true,
            "roll": true,
            "save": 0,
            "value": 0
          },
          "min": {
            "label": "WH.ui.Mind",
            "abbrev": "min",
            "style": "edit",
            "hassave": true,
            "roll": true,
            "save": 0,
            "value": 0
          }
        },
        "attributes": {
          "hp": {
            "label": "WH.ui.HitPoints",
            "abbrev": "hp",
            "style": "edit",
            "hasmax": true,
            "isheader": true,
            "max": 30,
            "value": 30
          },
          "knowledge": {
            "label": "WH.ui.Knowledge",
            "abbrev": "knowledge",
            "style": "edit",
            "hasmax": false,
            "roll": true,
            "max": 0,
            "value": 0
          },
          "def": {
            "label": "WH.ui.Defence",
            "abbrev": "def",
            "style": "edit",
            "iscombat": true,
            "max": 12,
            "value": 12
          },
          "txcm": {
            "label": "WH.ui.Throw2HitM",
            "abbrev": "txcm",
            "istxc": true,
            "style": "edit",
            "roll": true,
            "iscombat": true,
            "max": 0,
            "value": 0
          },
          "txcr": {
            "label": "WH.ui.Throw2HitR",
            "abbrev": "txcr",
            "istxc": true,
            "style": "edit",
            "roll": true,
            "iscombat": true,
            "max": 0,
            "value": 0
          },
          "mana": {
            "label": "WH.ui.Mana",
            "abbrev": "pm",
            "style": "edit",
            "hasmax": true,
            "isheader": true,
            "max": 3,
            "value": 3
          },
          "ini": {
            "label": "WH.ui.Initiative",
            "abbrev": "ini",
            "style": "edit",
            "iscombat": true,
            "roll": true,
            "max": 0,
            "value": 0
          },
          "movearth": {
            "label": "WH.ui.Movement",
            "abbrev": "mov",
            "style": "edit",
            "max": 6,
            "value": 6
          },
          "movswim": {
            "label": "WH.ui.MovementSwim",
            "abbrev": "mov",
            "style": "edit",
            "max": 0,
            "value": 0
          },
          "movfly": {
            "label": "WH.ui.MovementFly",
            "abbrev": "mov",
            "style": "edit",
            "max": 0,
            "value": 0
          }
        },
        "secondary": {
          "xp": {
            "label": "WH.ui.XP",
            "abbrev": "xp",
            "islevel": true,
            "style": "edit",
            "value": 0
          },
          "malusmultiweapon": {
            "label": "WH.ui.malusmultiweapon",
            "abbrev": "malusmultiweapon",
            "iscombat": true,
            "style": "edit",
            "value": 0
          },
          "drbonus": {
            "label": "WH.ui.drbonus",
            "abbrev": "drbonus",
            "style": "edit",
            "iscombat": true,
            "value": 0
          },
          "drbonustotal": {
            "label": "WH.ui.drbonustotal",
            "abbrev": "drbonustotal",
            "disabled": true,
            "style": "edit",
            "iscombat": true,
            "value": 0
          },
          "meleedamagebonus": {
            "label": "WH.ui.meleedamagebonus",
            "abbrev": "meleedamagebonus",
            "iscombat": true,
            "style": "edit",
            "value": 0
          },
          "rangeddamagebonus": {
            "label": "WH.ui.rangeddamagebonus",
            "abbrev": "rangeddamagebonus",
            "iscombat": true,
            "style": "edit",
            "value": 0
          },
          "parrybonus": {
            "label": "WH.ui.parrybonus",
            "abbrev": "parrybonus",
            "isparrybonus": true,
            "iscombat": true,
            "style": "edit",
            "value": 0
          },
          "parrybonustotal": {
            "label": "WH.ui.parrybonustotal",
            "abbrev": "parrybonustotal",
            "disabled": true,
            "style": "edit",
            "iscombat": true,
            "roll": true,
            "value": 0
          },
          "counterspell": {
            "label": "WH.ui.counterspell",
            "stat": "min",
            "abbrev": "counterspell",
            "style": "edit",
            "hasmax": false,
            "roll": true,
            "max": 1,
            "value": 0,
            "hasuse": true,
            "nbuse": 0,
            "maxuse": 0
          },
          "createitem": {
            "label": "WH.ui.createitem",
            "abbrev": "createitem",
            "style": "edit",
            "value": 0
          },
          "nblanguage": {
            "label": "WH.ui.languagesbonus",
            "abbrev": "nblanguage",
            "style": "edit",
            "disabled": true,
            "value": 0
          }
        }
      }
    },
    "party": {
      "templates": [
        "biodata"
      ]
    },
    "character": {
      "templates": [
        "biodata",
        "core"
      ]
    }
  },
  "Item": {
    "types": [
      "equipment",
      "race",
      "weapon",
      "armor",
      "shield",
      "skill",
      "power",
      "language",
      "condition",
      "class",
      "money",
      "potion",
      "poison",
      "trap",
      "classitem",
      "competency"
    ],
    "templates": {
      "commonclassrace": {
        "weapons": {
          "short": false,
          "long": false,
          "twohanded": false,
          "shooting": false,
          "polearm": false,
          "throwing": false
        },
        "armors": {
          "light": false,
          "medium": false,
          "heavy": false
        },
        "shields": {
          "light": false,
          "medium": false,
          "tower": false
        }
      }
    },
    "competency": {
      "description": ""
    },
    "potion": {
      "cost": 0,
      "quantity": 1,
      "slotused": 1,
      "slotlocation": "backpack",
      "isidentified": "unknown",
      "alchemycost": "",
      "preparetime": "",
      "durationround": 0,
      "description": ""
    },
    "poison": {
      "cost": 0,
      "quantity": 1,
      "slotused": 1,
      "slotlocation": "backpack",
      "isidentified": "unknown",
      "application": "",
      "preparecost": "",
      "preparetime": "",
      "damageroll": "",
      "durationround": 0,
      "savesdc": 0,
      "savetype": "",
      "description": ""
    },
    "trap": {
      "cost": 0,
      "quantity": 1,
      "slotused": 1,
      "slotlocation": "backpack",
      "isidentified": "unknown",
      "dcfind": 0,
      "dcdisable": 0,
      "throwtohit": 0,
      "damageroll": "",
      "description": ""
    },
    "classitem": {
      "cost": 0,
      "quantity": 1,
      "slotused": 1,
      "slotlocation": "backpack",
      "isidentified": "unknown",
      "class": "",
      "mandatoryfor": "",
      "description": ""
    },
    "money": {
      "quantity": 0,
      "slotlocation": "backpack",
      "description": ""
    },
    "condition": {
      "conditiontype": "",
      "duration": "",
      "begin": "",
      "specialduration": "",
      "durationvalue": 0,
      "durationunit": "",
      "shortdescription": "",
      "dcsave": 0,
      "incubationtime": "",
      "diseaseduration": "",
      "description": ""
    },
    "class": {
      "templates": [
        "commonclassrace"
      ],
      "issecondary": false,
      "description": ""
    },
    "race": {
      "description": "",
      "hpprogresion": "hp2",
      "languages": "",
      "attributebonus1": "",
      "attributebonus4": "",
      "attributebonus8": "",
      "templates": [
        "commonclassrace"
      ]
    },
    "language": {
      "shortdescription": "",
      "description": ""
    },
    "skill": {
      "raceskill": false,
      "classskill": false,
      "unlimited": false,
      "acquiredatlevel": 0,
      "currentuse": 0,
      "maxuse": 0,
      "description": ""
    },
    "weapon": {
      "weapontype": "short",
      "damage": "1d6",
      "damage2hands": "1d6",
      "rollformula": "",
      "damageformula": "",
      "cost": 0,
      "equipped": false,
      "quantity": 1,
      "slotused": 1,
      "slotlocation": "weapon1",
      "isidentified": "unknown",
      "magiccharge": "notapplicable",
      "chargevalue": 0,
      "chargevaluemax":0,
      "description": ""
    },
    "armor": {
      "armortype": "light",
      "equipped": false,
      "damagereduction": 1,
      "cost": 0,
      "quantity": 1,
      "slotused": 1,
      "slotlocation": "armor",
      "isidentified": "unknown",
      "magiccharge": "notapplicable",
      "chargevalue": 0,
      "chargevaluemax":0,
      "description": ""
    },
    "shield": {
      "shieldtype": "light",
      "parrybonus": 1,
      "equipped": false,
      "cost": 0,
      "quantity": 1,
      "slotused": 1,
      "slotlocation": "shield",
      "isidentified": "unknown",
      "magiccharge": "notapplicable",
      "chargevalue": 0,
      "chargevaluemax":0,
      "description": ""
    },
    "equipment": {
      "equiptype": "",
      "cost": 0,
      "quantity": 1,
      "equipped": false,
      "slotused": 1,
      "slotlocation": "backpack",
      "providedslot": 0,
      "isidentified": "unknown",
      "magiccharge": "notapplicable",
      "chargevalue": 0,
      "chargevaluemax":0,
      "description": ""
    },
    "power": {
      "level": "",
      "magicschool": "",
      "description": ""
    },
    "spell": {
      "lore": "",
      "circle": 1,
      "range": "",
      "description": ""
    }
  }
}